STORE_CODE,BARCODE,PRODUCT_CODE,STOCK_ONHAND
74,8.85277E+12,200001,500
74,2.50001E+12,200002,600
