STORE_CODE,BARCODE,PRODUCT_CODE,STOCK_ONHAND
74,8.85277E+12,2020201,50
74,2.50001E+12,20202012,60
